INSERT INTO classes (class,type,country,numGuns,bore,disp) VALUES ('Bismark','bb','Germany',8, 15, 42000);
INSERT INTO classes (class,type,country,numGuns,bore,disp) VALUES ('Iowa','bb','USA',9, 16, 46000);
INSERT INTO classes (class,type,country,numGuns,bore,disp) VALUES ('Kongo','bc','Japan',8, 14, 32000);
INSERT INTO classes (class,type,country,numGuns,bore,disp) VALUES ('North Carolina','bb','USA',9, 16, 37000);
INSERT INTO classes (class,type,country,numGuns,bore,disp) VALUES ('Renown','bc','Gt. Britian',6, 15, 32000);
INSERT INTO classes (class,type,country,numGuns,bore,disp) VALUES ('Revenge','bb','Gt. Britian',8, 15, 29000);
INSERT INTO classes (class,type,country,numGuns,bore,disp) VALUES ('Tennessee','bb','USA',12, 14, 32000);
INSERT INTO classes (class,type,country,numGuns,bore,disp) VALUES ('Yamato','bb','Japan',9, 18, 65000);
INSERT INTO battles (name, date) VALUES ('North Atlantic','5/24-27/41');
INSERT INTO battles (name, date) VALUES ('Guadalcanal','11/15/42');
INSERT INTO battles (name, date) VALUES ('North Cape','12/16/43');
INSERT INTO battles (name, date) VALUES ('Surigao Strait','10/25/44');
INSERT INTO outcomes (ship, battle, result) VALUES ('Bismark','North Atlantic','sunk');
INSERT INTO outcomes (ship, battle, result) VALUES ('California','Surigao Strait','ok');
INSERT INTO outcomes (ship, battle, result) VALUES ('Duke of York','North Cape','ok');
INSERT INTO outcomes (ship, battle, result) VALUES ('Fuso','Surigao Strait','sunk');
INSERT INTO outcomes (ship, battle, result) VALUES ('Hood','North Atlantic','sunk');
INSERT INTO outcomes (ship,battle, result) VALUES ('King George V','North Atlantic','ok');
INSERT INTO outcomes (ship, battle, result) VALUES ('Kirishima','Guadalcanal','sunk');
INSERT INTO outcomes (ship, battle, result) VALUES ('Prince of Wales','North Atlantic','damaged');
INSERT INTO outcomes (ship, battle, result) VALUES ('Rodney','North Atlantic','ok');
INSERT INTO outcomes (ship, battle, result) VALUES ('Scharnhorst','North Cape','sunk');
INSERT INTO outcomes (ship, battle, result) VALUES ('South Dakota','Guadalcanal','damaged');
INSERT INTO outcomes (ship, battle, result) VALUES ('Tennessee','Surigao Strait','ok');
INSERT INTO outcomes (ship, battle, result) VALUES ('Washington','Guadalcanal','ok');
INSERT INTO outcomes (ship, battle, result) VALUES ('West Virginia','Surigao Strait','ok');
INSERT INTO outcomes (ship, battle, result) VALUES ('Yamashiro','Surigao Strait','sunk');
INSERT INTO ships (name, class, launched) VALUES ('California','Tennessee',1921);
INSERT INTO ships (name, class, launched) VALUES ('Haruna','Kongo',1915);
INSERT INTO ships (name, class, launched) VALUES ('Hiei','Kongo',1914);
INSERT INTO ships (name, class, launched) VALUES ('Iowa','Iowa',1943);
INSERT INTO ships (name, class, launched) VALUES ('Kirishima','Kongo',1915);
INSERT INTO ships (name, class, launched) VALUES ('Kongo','Kongo',1913);
INSERT INTO ships (name, class, launched) VALUES ('Missouri','Iowa',1944);
INSERT INTO ships (name, class, launched) VALUES ('Musashi','Yamato',1942);
INSERT INTO ships (name, class, launched) VALUES ('New Jersey','Iowa',1943);
INSERT INTO ships (name, class, launched) VALUES ('North Carolina','North Carolina',1941);
INSERT INTO ships (name, class, launched) VALUES ('Ramilies','Revenge',1917);
INSERT INTO ships (name, class, launched) VALUES ('Renown','Renown',1916);
INSERT INTO ships (name, class, launched) VALUES ('Repulse','Renown',1916);
INSERT INTO ships (name, class, launched) VALUES ('Resolution','Revenge',1916);
INSERT INTO ships (name, class, launched) VALUES ('Revenge','Revenge',1916);
INSERT INTO ships (name, class, launched) VALUES ('Royal Oak','Revenge',1916);
INSERT INTO ships (name, class, launched) VALUES ('Royal Sovereign','Revenge',1916);
INSERT INTO ships (name, class, launched) VALUES ('Tennessee','Tennessee',1920);
INSERT INTO ships (name, class,launched) VALUES ('Washington','North Carolina',1941);
INSERT INTO ships (name, class, launched) VALUES ('Wisconsin','Iowa',1944);
INSERT INTO ships (name, class, launched) VALUES ('Yamato','Yamato',1941);